"","State","Name","Saffir_Simpson_Category","Date_Closest","Year_Closest","Date_Formed","Date_Extratropical","Date_Dissipated","Fatalities","Damage","URL_Searched","Damage_Estimate","Fatalities_Estimate","Detail_QA"
"1","Alabama","Unnamed","3",1852-08-26,"1852",NA,NA,NA,NA,NA,NA,NA,NA,"No"
"2","Alabama","Unnamed","1",1856-08-31,"1856",NA,NA,NA,NA,NA,NA,NA,NA,"No"
"3","Alabama","Unnamed","1",1859-09-16,"1859",NA,NA,NA,NA,NA,NA,NA,NA,"No"
"4","Alabama","Unnamed","2",1860-08-12,"1860",NA,NA,NA,NA,NA,NA,NA,NA,"No"
"5","Alabama","Unnamed","1",1860-09-16,"1860",NA,NA,NA,NA,NA,NA,NA,NA,"No"
"6","Alabama","Unnamed","1",1870-07-30,"1870",NA,NA,NA,NA,NA,NA,NA,NA,"No"
"7","Alabama","Unnamed","1",1882-09-10,"1882",NA,NA,NA,NA,NA,NA,NA,NA,"No"
"8","Alabama","Unnamed","2",1893-10-03,"1893",NA,NA,NA,NA,NA,NA,NA,NA,"No"
"9","Alabama","Unnamed","1",1901-08-15,"1901",NA,NA,NA,NA,NA,NA,NA,NA,"No"
"10","Alabama","Unnamed","2",1906-09-27,"1906",NA,NA,NA,NA,NA,NA,NA,NA,"No"
"11","Alabama","Unnamed","1",1912-09-14,"1912",NA,NA,NA,NA,NA,NA,NA,NA,"No"
"12","Alabama","Unnamed","2",1916-07-05,"1916",NA,NA,NA,NA,NA,NA,NA,NA,"No"
"13","Alabama","Unnamed","2",1916-10-18,"1916",NA,NA,NA,NA,NA,NA,NA,NA,"No"
"14","Alabama","Unnamed","1",1917-09-29,"1917",NA,NA,NA,NA,NA,NA,NA,NA,"No"
"15","Alabama","Unnamed","3",1926-08-21,"1926",NA,NA,NA,NA,NA,NA,NA,NA,"No"
"16","Alabama","Unnamed","1",1932-09-01,"1932",NA,NA,NA,NA,NA,NA,NA,NA,"No"
"17","Alabama","Baker","1",1950-08-31,"1950",1950-08-18,NA,1950-09-01,"38 direct","$2.55 million ","https://en.wikipedia.org/wiki/Hurricane_Baker_(1950)",2550000,38,"Yes"
"18","Alabama","Camille","1",1969-08-18,"1969",1969-08-14,NA,1969-08-22,"259 total","$1.42 billion ","https://en.wikipedia.org/wiki/Hurricane_Camille_(1969)",1420000000,259,"Yes"
"19","Alabama","Eloise","1",1975-09-23,"1975",1975-09-13,NA,1975-09-24,"80 direct","$560 million ","https://en.wikipedia.org/wiki/Hurricane_Eloise_(1975)",560000000,80,"Yes"
"20","Alabama","Frederic","4",1979-09-13,"1979",1979-08-29,NA,1979-09-15,"12","$1.77 billion ","https://en.wikipedia.org/wiki/Hurricane_Frederic",1770000000,12,"Yes"
"21","Alabama","Elena","3",1985-09-02,"1985",1985-08-28,NA,1985-09-04,"9","$1.3 billion ","https://en.wikipedia.org/wiki/Hurricane_Elena",1300000000,9,"Yes"
"22","Alabama","Opal","1",1995-10-04,"1995",1995-09-27,NA,1995-10-06,"63 total","$4.7 billion ","https://en.wikipedia.org/wiki/Hurricane_Opal_(1995)",4700000000,63,"Yes"
"23","Alabama","Danny","1",1997-07-19,"1997",1997-07-16,1997-07-26,1997-07-27,"9","$100 million ","https://en.wikipedia.org/wiki/Hurricane_Danny_(1997)",100000000,9,"Yes"
"24","Alabama","Ivan","3",2004-09-16,"2004",2004-09-02,NA,2004-09-25,"124","$26.1 billion ","https://en.wikipedia.org/wiki/Hurricane_Ivan_(2004)",26100000000,124,"Yes"
"25","Alabama","Dennis","1",2005-07-10,"2005",2005-07-04,NA,2005-07-18,"88","$3.98 billion ","https://en.wikipedia.org/wiki/Hurricane_Dennis_(2005)",3980000000,88,"Yes"
"26","Alabama","Katrina","1",2005-08-29,"2005",2005-08-23,2005-08-30,2005-08-31,"1392 total","$125 billion ","https://en.wikipedia.org/wiki/Hurricane_Katrina_(2005)",125000000000,1392,"Yes"
"27","Alabama","Michael","1",2018-10-10,"2018",2018-10-07,2018-10-11,2018-10-16,"74","$25.5 billion ","https://en.wikipedia.org/wiki/Hurricane_Michael_(2018)",25500000000,74,"Yes"
"28","Alabama","Sally","2",2020-09-16,"2020",2020-09-11,2020-09-17,2020-09-18,"4 direct 5 indirect","$7.3 billion ","https://en.wikipedia.org/wiki/Hurricane_Sally_(2020)",7300000000,9,"Yes"
"29","Alabama","Zeta","1",2020-10-29,"2020",2020-10-24,NA,2020-10-30,"9 total","$4.4 billion ","https://en.wikipedia.org/wiki/Hurricane_Zeta_(2020)",4400000000,9,"Yes"
"30","Connecticut","Unnamed","1",1858-09-16,"1858",NA,NA,NA,NA,NA,NA,NA,NA,"No"
"31","Connecticut","Unnamed","1",1869-09-08,"1869",NA,NA,NA,NA,NA,NA,NA,NA,"No"
"32","Connecticut","Unnamed","1",1893-08-24,"1893",NA,NA,NA,NA,NA,NA,NA,NA,"No"
"33","Connecticut","Unnamed","1",1894-10-10,"1894",NA,NA,NA,NA,NA,NA,NA,NA,"No"
"34","Connecticut","Unnamed","3",1938-09-21,"1938",NA,NA,NA,NA,NA,NA,NA,NA,"No"
"35","Connecticut","Unnamed","1",1944-09-15,"1944",NA,NA,NA,NA,NA,NA,NA,NA,"No"
"36","Connecticut","Carol","3",1954-08-31,"1954",1954-08-25,1954-08-31,1954-09-01,"72","$462 million ","https://en.wikipedia.org/wiki/Hurricane_Carol_(1954)",462000000,72,"Yes"
"37","Connecticut","Donna","1",1960-09-12,"1960",1960-08-29,1960-09-13,1960-09-14,"439","$980 million ","https://en.wikipedia.org/wiki/Hurricane_Donna_(1960)",980000000,439,"Yes"
"38","Connecticut","Gloria","1",1985-09-27,"1985",1985-09-16,1985-09-28,1985-10-04,"14","$900 million ","https://en.wikipedia.org/wiki/Hurricane_Gloria",900000000,14,"Yes"
"39","Connecticut","Bob","2",1991-08-19,"1991",1991-08-16,1991-08-20,1991-08-29,"17","$1.5 billion ","https://en.wikipedia.org/wiki/Hurricane_Bob_(1991)",1500000000,17,"Yes"
"40","Delaware","Unnamed","2",1878-10-23,"1878",NA,NA,NA,NA,NA,NA,NA,NA,"No"
"41","Delaware","Unnamed","1",1903-09-16,"1903",NA,NA,NA,NA,NA,NA,NA,NA,"No"
"42","Florida","Unnamed","3",1851-08-23,"1851",NA,NA,NA,NA,NA,NA,NA,NA,"No"
"43","Florida","Unnamed","1",1852-08-26,"1852",NA,NA,NA,NA,NA,NA,NA,NA,"No"
"44","Florida","Unnamed","1",1852-09-12,"1852",NA,NA,NA,NA,NA,NA,NA,NA,"No"
"45","Florida","Unnamed","2",1852-10-09,"1852",NA,NA,NA,NA,NA,NA,NA,NA,"No"
"46","Florida","Unnamed","1",1854-09-08,"1854",NA,NA,NA,NA,NA,NA,NA,NA,"No"
"47","Florida","Unnamed","2",1856-08-31,"1856",NA,NA,NA,NA,NA,NA,NA,NA,"No"
"48","Florida","Unnamed","1",1859-09-16,"1859",NA,NA,NA,NA,NA,NA,NA,NA,"No"
"49","Florida","Unnamed","1",1859-10-28,"1859",NA,NA,NA,NA,NA,NA,NA,NA,"No"
"50","Florida","Unnamed","1",1861-08-16,"1861",NA,NA,NA,NA,NA,NA,NA,NA,"No"
"51","Florida","Unnamed","2",1865-10-23,"1865",NA,NA,NA,NA,NA,NA,NA,NA,"No"
"52","Florida","Unnamed","1",1867-10-06,"1867",NA,NA,NA,NA,NA,NA,NA,NA,"No"
"53","Florida","Unnamed","1",1870-10-09,"1870",NA,NA,NA,NA,NA,NA,NA,NA,"No"
"54","Florida","Unnamed","1",1870-10-20,"1870",NA,NA,NA,NA,NA,NA,NA,NA,"No"
"55","Florida","Unnamed","3",1871-08-16,"1871",NA,NA,NA,NA,NA,NA,NA,NA,"No"
"56","Florida","Unnamed","2",1871-08-25,"1871",NA,NA,NA,NA,NA,NA,NA,NA,"No"
"57","Florida","Unnamed","1",1871-09-06,"1871",NA,NA,NA,NA,NA,NA,NA,NA,"No"
"58","Florida","Unnamed","3",1873-10-07,"1873",NA,NA,NA,NA,NA,NA,NA,NA,"No"
"59","Florida","Unnamed","1",1873-09-19,"1873",NA,NA,NA,NA,NA,NA,NA,NA,"No"
"60","Florida","Unnamed","1",1874-09-28,"1874",NA,NA,NA,NA,NA,NA,NA,NA,"No"
"61","Florida","Unnamed","2",1876-10-20,"1876",NA,NA,NA,NA,NA,NA,NA,NA,"No"
"62","Florida","Unnamed","1",1877-09-19,"1877",NA,NA,NA,NA,NA,NA,NA,NA,"No"
"63","Florida","Unnamed","3",1877-10-03,"1877",NA,NA,NA,NA,NA,NA,NA,NA,"No"
"64","Florida","Unnamed","2",1878-09-10,"1878",NA,NA,NA,NA,NA,NA,NA,NA,"No"
"65","Florida","Unnamed","2",1880-08-29,"1880",NA,NA,NA,NA,NA,NA,NA,NA,"No"
"66","Florida","Unnamed","1",1880-10-08,"1880",NA,NA,NA,NA,NA,NA,NA,NA,"No"
"67","Florida","Unnamed","3",1882-09-10,"1882",NA,NA,NA,NA,NA,NA,NA,NA,"No"
"68","Florida","Unnamed","1",1882-10-11,"1882",NA,NA,NA,NA,NA,NA,NA,NA,"No"
"69","Florida","Unnamed","1",1885-08-24,"1885",NA,NA,NA,NA,NA,NA,NA,NA,"No"
"70","Florida","Unnamed","2",1886-06-21,"1886",NA,NA,NA,NA,NA,NA,NA,NA,"No"
"71","Florida","Unnamed","2",1886-06-30,"1886",NA,NA,NA,NA,NA,NA,NA,NA,"No"
"72","Florida","Unnamed","1",1886-07-18,"1886",NA,NA,NA,NA,NA,NA,NA,NA,"No"
"73","Florida","Unnamed","1",1887-07-27,"1887",NA,NA,NA,NA,NA,NA,NA,NA,"No"
"74","Florida","Unnamed","3",1888-08-16,"1888",NA,NA,NA,NA,NA,NA,NA,NA,"No"
"75","Florida","Unnamed","2",1888-10-11,"1888",NA,NA,NA,NA,NA,NA,NA,NA,"No"
"76","Florida","Unnamed","1",1891-08-24,"1891",NA,NA,NA,NA,NA,NA,NA,NA,"No"
"77","Florida","Unnamed","1",1893-08-27,"1893",NA,NA,NA,NA,NA,NA,NA,NA,"No"
"78","Florida","Unnamed","2",1894-09-25,"1894",NA,NA,NA,NA,NA,NA,NA,NA,"No"
"79","Florida","Unnamed","3",1894-10-09,"1894",NA,NA,NA,NA,NA,NA,NA,NA,"No"
"80","Florida","Unnamed","2",1896-07-07,"1896",NA,NA,NA,NA,NA,NA,NA,NA,"No"
"81","Florida","Unnamed","3",1896-09-29,"1896",NA,NA,NA,NA,NA,NA,NA,NA,"No"
"82","Florida","Unnamed","1",1898-08-03,"1898",NA,NA,NA,NA,NA,NA,NA,NA,"No"
"83","Florida","Unnamed","2",1898-10-02,"1898",NA,NA,NA,NA,NA,NA,NA,NA,"No"
"84","Florida","Unnamed","2",1899-08-01,"1899",NA,NA,NA,NA,NA,NA,NA,NA,"No"
"85","Florida","Unnamed","4",1900-08-27,"1900",NA,NA,NA,NA,NA,NA,NA,NA,"No"
"86","Florida","Unnamed","1",1903-08-11,"1903",NA,NA,NA,NA,NA,NA,NA,NA,"No"
"87","Florida","Unnamed","1",1904-10-17,"1904",NA,NA,NA,NA,NA,NA,NA,NA,"No"
"88","Florida","Unnamed","1",1906-06-16,"1906",NA,NA,NA,NA,NA,NA,NA,NA,"No"
"89","Florida","Unnamed","2",1906-09-27,"1906",NA,NA,NA,NA,NA,NA,NA,NA,"No"
"90","Florida","Unnamed","3",1906-10-18,"1906",NA,NA,NA,NA,NA,NA,NA,NA,"No"
"91","Florida","Unnamed","3",1909-10-11,"1909",NA,NA,NA,NA,NA,NA,NA,NA,"No"
"92","Florida","Unnamed","2",1910-10-18,"1910",NA,NA,NA,NA,NA,NA,NA,NA,"No"
"93","Florida","Unnamed","1",1911-08-11,"1911",NA,NA,NA,NA,NA,NA,NA,NA,"No"
"94","Florida","Unnamed","1",1912-09-14,"1912",NA,NA,NA,NA,NA,NA,NA,NA,"No"
"95","Florida","Unnamed","1",1915-08-01,"1915",NA,NA,NA,NA,NA,NA,NA,NA,"No"
"96","Florida","Unnamed","1",1915-09-04,"1915",NA,NA,NA,NA,NA,NA,NA,NA,"No"
"97","Florida","Unnamed","2",1916-07-05,"1916",NA,NA,NA,NA,NA,NA,NA,NA,"No"
"98","Florida","Unnamed","2",1916-10-18,"1916",NA,NA,NA,NA,NA,NA,NA,NA,"No"
"99","Florida","Unnamed","3",1917-09-29,"1917",NA,NA,NA,NA,NA,NA,NA,NA,"No"
"100","Florida","Unnamed","4",1919-09-10,"1919",NA,NA,NA,NA,NA,NA,NA,NA,"No"
"101","Florida","Unnamed","3",1921-10-25,"1921",NA,NA,NA,NA,NA,NA,NA,NA,"No"
"102","Florida","Unnamed","1",1924-09-15,"1924",NA,NA,NA,NA,NA,NA,NA,NA,"No"
"103","Florida","Unnamed","1",1924-10-21,"1924",NA,NA,NA,NA,NA,NA,NA,NA,"No"
"104","Florida","Unnamed","2",1926-07-27,"1926",NA,NA,NA,NA,NA,NA,NA,NA,"No"
"105","Florida","Unnamed","4",1926-09-18,"1926",NA,NA,NA,NA,NA,NA,NA,NA,"No"
"106","Florida","Unnamed","1",1926-10-21,"1926",NA,NA,NA,NA,NA,NA,NA,NA,"No"
"107","Florida","Unnamed","2",1928-08-08,"1928",NA,NA,NA,NA,NA,NA,NA,NA,"No"
"108","Florida","Unnamed","4",1928-09-17,"1928",NA,NA,NA,NA,NA,NA,NA,NA,"No"
"109","Florida","Unnamed","3",1929-09-28,"1929",NA,NA,NA,NA,NA,NA,NA,NA,"No"
"110","Florida","Unnamed","1",1932-09-01,"1932",NA,NA,NA,NA,NA,NA,NA,NA,"No"
"111","Florida","Unnamed","1",1933-07-30,"1933",NA,NA,NA,NA,NA,NA,NA,NA,"No"
"112","Florida","Unnamed","3",1933-09-04,"1933",NA,NA,NA,NA,NA,NA,NA,NA,"No"
"113","Florida","Unnamed","5",1935-09-03,"1935",NA,NA,NA,NA,NA,NA,NA,NA,"No"
"114","Florida","Unnamed","2",1935-11-04,"1935",NA,NA,NA,NA,NA,NA,NA,NA,"No"
"115","Florida","Unnamed","2",1936-07-31,"1936",NA,NA,NA,NA,NA,NA,NA,NA,"No"
"116","Florida","Unnamed","1",1939-08-11,"1939",NA,NA,NA,NA,NA,NA,NA,NA,"No"
"117","Florida","Unnamed","2",1941-10-06,"1941",NA,NA,NA,NA,NA,NA,NA,NA,"No"
"118","Florida","Unnamed","4",1944-10-19,"1944",NA,NA,NA,NA,NA,NA,NA,NA,"No"
"119","Florida","Unnamed","1",1945-06-24,"1945",NA,NA,NA,NA,NA,NA,NA,NA,"No"
"120","Florida","Unnamed","3",1945-09-15,"1945",NA,NA,NA,NA,NA,NA,NA,NA,"No"
"121","Florida","Unnamed","1",1946-10-08,"1946",NA,NA,NA,NA,NA,NA,NA,NA,"No"
"122","Florida","Unnamed","4",1947-09-17,"1947",NA,NA,NA,NA,NA,NA,NA,NA,"No"
"123","Florida","Unnamed","1",1947-10-11,"1947",NA,NA,NA,NA,NA,NA,NA,NA,"No"
"124","Florida","Unnamed","4",1948-09-21,"1948",NA,NA,NA,NA,NA,NA,NA,NA,"No"
"125","Florida","Unnamed","2",1948-10-05,"1948",NA,NA,NA,NA,NA,NA,NA,NA,"No"
"126","Florida","Unnamed","4",1949-08-26,"1949",NA,NA,NA,NA,NA,NA,NA,NA,"No"
"127","Florida","Easy","3",1950-09-05,"1950",1950-09-01,NA,1950-09-09,"2 indirect","$3.3 million ","https://en.wikipedia.org/wiki/Hurricane_Easy_(1950)",3300000,2,"Yes"
"128","Florida","King","4",1950-10-18,"1950",1950-10-13,NA,1950-10-20,"11 direct","$32 million ","https://en.wikipedia.org/wiki/Hurricane_King_(1950)",32000000,11,"Yes"
"129","Florida","Florence","1",1953-09-26,"1953",1953-09-23,NA,1953-09-26,"None","$200,000 ","https://en.wikipedia.org/wiki/Hurricane_Florence_(1953)",200000,0,"Yes"
"130","Florida","Hazel","1",1953-10-09,"1953",1953-05-25,NA,1953-05-25,"May 25 1953","May 25, 1953","https://en.wikipedia.org/wiki/Hurricane_Hazel_(1953)",251953,1978,"No"
"131","Florida","Flossy","1",1956-09-24,"1956",1956-09-20,1956-09-25,1956-10-03,"15","$24.9 million ","https://en.wikipedia.org/wiki/Hurricane_Flossy_(1956)",24900000,15,"Yes"
"132","Florida","Donna","4",1960-09-10,"1960",1960-08-29,1960-09-13,1960-09-14,"439","$980 million ","https://en.wikipedia.org/wiki/Hurricane_Donna_(1960)",980000000,439,"Yes"
"133","Florida","Cleo","2",1964-08-27,"1964",1964-08-21,NA,1964-09-05,"156 total","$187 million ","https://en.wikipedia.org/wiki/Hurricane_Cleo_(1964)",187000000,156,"Yes"
"134","Florida","Dora","2",1964-09-10,"1964",1964-08-28,1964-09-13,1964-09-15,"5 total","$280 million ","https://en.wikipedia.org/wiki/Hurricane_Dora_(1964)",280000000,5,"Yes"
"135","Florida","Isbell","2",1964-10-14,"1964",1964-10-08,NA,1964-10-19,"7 total","$30 million ","https://en.wikipedia.org/wiki/Hurricane_Isbell_(1964)",30000000,7,"Yes"
"136","Florida","Betsy","3",1965-09-08,"1965",NA,NA,NA,NA,NA,"https://en.wikipedia.org/wiki/Hurricane_Betsy_(1965)",NA,NA,"No"
"137","Florida","Alma","3",1966-06-09,"1966",1966-06-04,NA,1966-06-14,"90 total","$210 million ","https://en.wikipedia.org/wiki/Hurricane_Alma_(1966)",210000000,90,"Yes"
"138","Florida","Inez","2",1966-10-08,"1966",1966-09-21,NA,1966-10-11,"756–1000 total","$223 million ","https://en.wikipedia.org/wiki/Hurricane_Inez_(1966)",223000000,1000,"Yes"
"139","Florida","Gladys","2",1968-10-19,"1968",1968-10-13,NA,1968-10-21,"11","$18.7 million ","https://en.wikipedia.org/wiki/Hurricane_Gladys_(1968)",18700000,11,"Yes"
"140","Florida","Agnes","1",1972-06-19,"1972",1972-06-14,1972-06-23,1972-07-06,"128 direct","$2.1 billion ","https://en.wikipedia.org/wiki/Hurricane_Agnes",2100000000,128,"Yes"
"141","Florida","Eloise","3",1975-09-23,"1975",1975-09-13,NA,1975-09-24,"80 direct","$560 million ","https://en.wikipedia.org/wiki/Hurricane_Eloise_(1975)",560000000,80,"Yes"
"142","Florida","David","2",1979-09-03,"1979",1979-08-25,1979-09-06,1979-09-08,"2078","$1.54 billion ","https://en.wikipedia.org/wiki/Hurricane_David_(1979)",1540000000,2078,"Yes"
"143","Florida","Elena","3",1985-09-01,"1985",1985-08-28,NA,1985-09-04,"9","$1.3 billion ","https://en.wikipedia.org/wiki/Hurricane_Elena",1300000000,9,"Yes"
"144","Florida","Kate","2",1985-11-21,"1985",1985-11-15,NA,1985-11-23,"15 total","$700 million ","https://en.wikipedia.org/wiki/Hurricane_Kate_(1985)",700000000,15,"Yes"
"145","Florida","Floyd","1",1987-10-12,"1987",1987-10-09,NA,1987-10-13,"1 reported","$500,000 ","https://en.wikipedia.org/wiki/Hurricane_Floyd_(1987)",500000,1,"Yes"
"146","Florida","Andrew","5",1992-08-24,"1992",1992-08-16,1992-08-28,1992-08-29,"65","$27.3 billion ","https://en.wikipedia.org/wiki/Hurricane_Andrew_(1992)",27300000000,65,"Yes"
"147","Florida","Erin","2",1995-08-03,"1995",1995-07-31,NA,1995-08-06,"16","$700 million ","https://en.wikipedia.org/wiki/Hurricane_Erin_(1995)",700000000,16,"Yes"
"148","Florida","Opal","3",1995-10-04,"1995",1995-09-27,NA,1995-10-06,"63 total","$4.7 billion ","https://en.wikipedia.org/wiki/Hurricane_Opal_(1995)",4700000000,63,"Yes"
"149","Florida","Earl","1",1998-09-03,"1998",1998-08-31,1998-09-03,1998-09-08,"3 direct","$79 million ","https://en.wikipedia.org/wiki/Hurricane_Earl_(1998)",79000000,3,"Yes"
"150","Florida","Georges","2",1998-09-25,"1998",1998-09-15,NA,1998-10-01,"604","$9.37 billion ","https://en.wikipedia.org/wiki/Hurricane_Georges_(1998)",9370000000,604,"Yes"
"151","Florida","Irene","1",1999-10-15,"1999",1999-10-13,NA,1999-10-24,"3 direct 16 indirect","$800 million ","https://en.wikipedia.org/wiki/Hurricane_Irene_(1999)",800000000,19,"Yes"
"152","Florida","Charley","4",2004-08-13,"2004",2004-08-09,2004-08-14,2004-08-15,"35","$16.9 billion ","https://en.wikipedia.org/wiki/Hurricane_Charley_(2004)",16900000000,35,"Yes"
"153","Florida","Frances","2",2004-09-05,"2004",2004-08-24,2004-09-08,2004-09-10,"50","$10.1 billion ","https://en.wikipedia.org/wiki/Hurricane_Frances_(2004)",10100000000,50,"Yes"
"154","Florida","Ivan","3",2004-09-16,"2004",2004-09-02,NA,2004-09-25,"124","$26.1 billion ","https://en.wikipedia.org/wiki/Hurricane_Ivan_(2004)",26100000000,124,"Yes"
"155","Florida","Jeanne","3",2004-09-26,"2004",2004-09-13,2004-09-28,2004-09-29,"3037 direct","$7.94 billion","https://en.wikipedia.org/wiki/Hurricane_Jeanne_(2004)",7940000000,3037,"Yes"
"156","Florida","Dennis","3",2005-07-10,"2005",2005-07-04,NA,2005-07-18,"88","$3.98 billion ","https://en.wikipedia.org/wiki/Hurricane_Dennis_(2005)",3980000000,88,"Yes"
"157","Florida","Katrina","1",2005-08-25,"2005",2005-08-23,2005-08-30,2005-08-31,"1392 total","$125 billion ","https://en.wikipedia.org/wiki/Hurricane_Katrina_(2005)",125000000000,1392,"Yes"
"158","Florida","Rita","1",2005-09-20,"2005",2005-09-18,NA,2005-09-26,"120","$18.5 billion ","https://en.wikipedia.org/wiki/Hurricane_Rita_(2005)",18500000000,120,"Yes"
"159","Florida","Wilma","3",2005-10-24,"2005",2005-10-15,2005-10-26,2005-10-27,"52 total","$26.5 billion ","https://en.wikipedia.org/wiki/Hurricane_Wilma_(2005)",26500000000,52,"Yes"
"160","Florida","Hermine","1",2016-09-02,"2016",2016-08-28,2016-09-03,2016-09-08,"4 direct 1 indirect","$550 million ","https://en.wikipedia.org/wiki/Hurricane_Hermine_(2016)",550000000,5,"Yes"
"161","Florida","Matthew","2",2016-10-07,"2016",2016-09-28,2016-10-09,2016-10-10,"603 total","$16.5 billion ","https://en.wikipedia.org/wiki/Hurricane_Matthew_(2016)",16500000000,603,"Yes"
"162","Florida","Irma","4",2017-09-10,"2017",2017-08-30,NA,2017-09-13,"134 total","$77.2 billion ","https://en.wikipedia.org/wiki/Hurricane_Irma_(2017)",77200000000,134,"Yes"
"163","Florida","Michael","5",2018-10-10,"2018",2018-10-07,2018-10-11,2018-10-16,"74","$25.5 billion ","https://en.wikipedia.org/wiki/Hurricane_Michael_(2018)",25500000000,74,"Yes"
"164","Florida","Sally","2",2020-09-16,"2020",2020-09-11,2020-09-17,2020-09-18,"4 direct 5 indirect","$7.3 billion ","https://en.wikipedia.org/wiki/Hurricane_Sally_(2020)",7300000000,9,"Yes"
"165","Florida","Ian","4",2022-09-28,"2022",2022-09-23,2022-09-30,2022-10-01,"161","$113 billion ","https://en.wikipedia.org/wiki/Hurricane_Ian_(2022)",113000000000,161,"Yes"
"166","Florida","Nicole","1",2022-11-10,"2022",2022-11-07,NA,2022-11-11,"11 indirect","$1 billion ","https://en.wikipedia.org/wiki/Hurricane_Nicole_(2022)",1000000000,11,"Yes"
"167","Florida","Idalia","3",2023-08-30,"2023",2023-08-26,NA,2023-09-08,"8 direct 4 indirect","$3.6 billion ","https://en.wikipedia.org/wiki/Hurricane_Idalia_(2023)",3600000000,12,"Yes"
"168","Georgia","Unnamed","1",1851-08-24,"1851",NA,NA,NA,NA,NA,NA,NA,NA,"No"
"169","Georgia","Unnamed","1",1852-10-10,"1852",NA,NA,NA,NA,NA,NA,NA,NA,"No"
"170","Georgia","Unnamed","1",1853-10-21,"1853",NA,NA,NA,NA,NA,NA,NA,NA,"No"
"171","Georgia","Unnamed","3",1854-09-08,"1854",NA,NA,NA,NA,NA,NA,NA,NA,"No"
"172","Georgia","Unnamed","1",1856-08-31,"1856",NA,NA,NA,NA,NA,NA,NA,NA,"No"
"173","Georgia","Unnamed","1",1877-10-03,"1877",NA,NA,NA,NA,NA,NA,NA,NA,"No"
"174","Georgia","Unnamed","1",1878-09-11,"1878",NA,NA,NA,NA,NA,NA,NA,NA,"No"
"175","Georgia","Unnamed","2",1881-08-28,"1881",NA,NA,NA,NA,NA,NA,NA,NA,"No"
"176","Georgia","Unnamed","1",1885-08-25,"1885",NA,NA,NA,NA,NA,NA,NA,NA,"No"
"177","Georgia","Unnamed","1",1886-06-21,"1886",NA,NA,NA,NA,NA,NA,NA,NA,"No"
"178","Georgia","Unnamed","1",1886-06-30,"1886",NA,NA,NA,NA,NA,NA,NA,NA,"No"
"179","Georgia","Unnamed","3",1893-08-28,"1893",NA,NA,NA,NA,NA,NA,NA,NA,"No"
"180","Georgia","Unnamed","1",1894-10-09,"1894",NA,NA,NA,NA,NA,NA,NA,NA,"No"
"181","Georgia","Unnamed","2",1896-09-29,"1896",NA,NA,NA,NA,NA,NA,NA,NA,"No"
"182","Georgia","Unnamed","1",1898-08-31,"1898",NA,NA,NA,NA,NA,NA,NA,NA,"No"
"183","Georgia","Unnamed","4",1898-10-02,"1898",NA,NA,NA,NA,NA,NA,NA,NA,"No"
"184","Georgia","Unnamed","1",1911-08-28,"1911",NA,NA,NA,NA,NA,NA,NA,NA,"No"
"185","Georgia","Unnamed","1",1928-09-18,"1928",NA,NA,NA,NA,NA,NA,NA,NA,"No"
"186","Georgia","""Labor Day""","1",1935-09-05,"1935",NA,NA,NA,NA,NA,NA,NA,NA,"No"
"187","Georgia","Unnamed","1",1940-08-11,"1940",NA,NA,NA,NA,NA,NA,NA,NA,"No"
"188","Georgia","Unnamed","2",1947-10-15,"1947",NA,NA,NA,NA,NA,NA,NA,NA,"No"
"189","Georgia","Unnamed","1",1949-08-27,"1949",NA,NA,NA,NA,NA,NA,NA,NA,"No"
"190","Georgia","David","2",1979-09-04,"1979",1979-08-25,1979-09-06,1979-09-08,"2078","$1.54 billion ","https://en.wikipedia.org/wiki/Hurricane_David_(1979)",1540000000,2078,"Yes"
"191","Georgia","Kate","1",1985-11-22,"1985",1985-11-15,NA,1985-11-23,"15 total","$700 million ","https://en.wikipedia.org/wiki/Hurricane_Kate_(1985)",700000000,15,"Yes"
"192","Georgia","Matthew","1",2016-10-08,"2016",2016-09-28,2016-10-09,2016-10-10,"603 total","$16.5 billion ","https://en.wikipedia.org/wiki/Hurricane_Matthew_(2016)",16500000000,603,"Yes"
"193","Georgia","Michael","2",2018-10-10,"2018",2018-10-07,2018-10-11,2018-10-16,"74","$25.5 billion ","https://en.wikipedia.org/wiki/Hurricane_Michael_(2018)",25500000000,74,"Yes"
"194","Georgia","Idalia","1",2023-08-30,"2023",2023-08-26,NA,2023-09-08,"8 direct 4 indirect","$3.6 billion ","https://en.wikipedia.org/wiki/Hurricane_Idalia_(2023)",3600000000,12,"Yes"
"195","Louisiana","Unnamed","2",1852-08-25,"1852",NA,NA,NA,NA,NA,NA,NA,NA,"No"
"196","Louisiana","Unnamed","3",1855-09-16,"1855",NA,NA,NA,NA,NA,NA,NA,NA,"No"
"197","Louisiana","Unnamed","4",1856-08-11,"1856",NA,NA,NA,NA,NA,NA,NA,NA,"No"
"198","Louisiana","Unnamed","3",1860-08-11,"1860",NA,NA,NA,NA,NA,NA,NA,NA,"No"
"199","Louisiana","Unnamed","2",1860-09-15,"1860",NA,NA,NA,NA,NA,NA,NA,NA,"No"
"200","Louisiana","Unnamed","2",1860-10-02,"1860",NA,NA,NA,NA,NA,NA,NA,NA,"No"
"201","Louisiana","Unnamed","2",1865-09-13,"1865",NA,NA,NA,NA,NA,NA,NA,NA,"No"
"202","Louisiana","Unnamed","2",1867-10-04,"1867",NA,NA,NA,NA,NA,NA,NA,NA,"No"
"203","Louisiana","Unnamed","1",1869-09-05,"1869",NA,NA,NA,NA,NA,NA,NA,NA,"No"
"204","Louisiana","Unnamed","1",1877-09-18,"1877",NA,NA,NA,NA,NA,NA,NA,NA,"No"
"205","Louisiana","Unnamed","2",1879-08-23,"1879",NA,NA,NA,NA,NA,NA,NA,NA,"No"
"206","Louisiana","Unnamed","3",1879-09-01,"1879",NA,NA,NA,NA,NA,NA,NA,NA,"No"
"207","Louisiana","Unnamed","2",1886-06-14,"1886",NA,NA,NA,NA,NA,NA,NA,NA,"No"
"208","Louisiana","Unnamed","3",1886-10-12,"1886",NA,NA,NA,NA,NA,NA,NA,NA,"No"
"209","Louisiana","Unnamed","1",1887-10-19,"1887",NA,NA,NA,NA,NA,NA,NA,NA,"No"
"210","Louisiana","Unnamed","2",1888-08-19,"1888",NA,NA,NA,NA,NA,NA,NA,NA,"No"
"211","Louisiana","Unnamed","1",1889-09-23,"1889",NA,NA,NA,NA,NA,NA,NA,NA,"No"
"212","Louisiana","Unnamed","2",1893-09-07,"1893",NA,NA,NA,NA,NA,NA,NA,NA,"No"
"213","Louisiana","Unnamed","4",1893-10-02,"1893",NA,NA,NA,NA,NA,NA,NA,NA,"No"
"214","Louisiana","Unnamed","1",1897-09-12,"1897",NA,NA,NA,NA,NA,NA,NA,NA,"No"
"215","Louisiana","Unnamed","1",1901-08-14,"1901",NA,NA,NA,NA,NA,NA,NA,NA,"No"
"216","Louisiana","Unnamed","1",1906-09-27,"1906",NA,NA,NA,NA,NA,NA,NA,NA,"No"
"217","Louisiana","Unnamed","3",1909-09-20,"1909",NA,NA,NA,NA,NA,NA,NA,NA,"No"
"218","Louisiana","Unnamed","1",1915-08-17,"1915",NA,NA,NA,NA,NA,NA,NA,NA,"No"
"219","Louisiana","Unnamed","3",1915-09-29,"1915",NA,NA,NA,NA,NA,NA,NA,NA,"No"
"220","Louisiana","Unnamed","2",1917-09-29,"1917",NA,NA,NA,NA,NA,NA,NA,NA,"No"
"221","Louisiana","Unnamed","3",1918-08-07,"1918",NA,NA,NA,NA,NA,NA,NA,NA,"No"
"222","Louisiana","Unnamed","2",1920-09-21,"1920",NA,NA,NA,NA,NA,NA,NA,NA,"No"
"223","Louisiana","Unnamed","1",1923-10-16,"1923",NA,NA,NA,NA,NA,NA,NA,NA,"No"
"224","Louisiana","Unnamed","3",1926-08-26,"1926",NA,NA,NA,NA,NA,NA,NA,NA,"No"
"225","Louisiana","Unnamed","2",1934-06-16,"1934",NA,NA,NA,NA,NA,NA,NA,NA,"No"
"226","Louisiana","Unnamed","1",1938-08-15,"1938",NA,NA,NA,NA,NA,NA,NA,NA,"No"
"227","Louisiana","Unnamed","2",1940-08-07,"1940",NA,NA,NA,NA,NA,NA,NA,NA,"No"
"228","Louisiana","Unnamed","2",1947-09-19,"1947",NA,NA,NA,NA,NA,NA,NA,NA,"No"
"229","Louisiana","Unnamed","1",1948-09-04,"1948",NA,NA,NA,NA,NA,NA,NA,NA,"No"
"230","Louisiana","Flossy","2",1956-09-24,"1956",1956-09-20,1956-09-25,1956-10-03,"15","$24.9 million ","https://en.wikipedia.org/wiki/Hurricane_Flossy_(1956)",24900000,15,"Yes"
"231","Louisiana","Audrey","3",1957-06-27,"1957",1957-06-25,NA,1957-06-29,"&gt;431","$150 million ","https://en.wikipedia.org/wiki/Hurricane_Audrey_(1957)",150000000,431,"Yes"
"232","Louisiana","Ethel","1",1964-09-15,"1964",1964-06-02,NA,1964-06-02,"June 2 1964","June 2, 1964","https://en.wikipedia.org/wiki/Hurricane_Ethel_(1964)",21964,1966,"No"
"233","Louisiana","Hilda","2",1964-10-03,"1964",1964-09-28,NA,1964-10-05,"38","$126 million ","https://en.wikipedia.org/wiki/Hurricane_Hilda",126000000,38,"Yes"
"234","Louisiana","Betsy","4",1965-09-10,"1965",NA,NA,NA,NA,NA,"https://en.wikipedia.org/wiki/Hurricane_Betsy_(1965)",NA,NA,"No"
"235","Louisiana","Camille","5",1969-08-17,"1969",1969-08-14,NA,1969-08-22,"259 total","$1.42 billion ","https://en.wikipedia.org/wiki/Hurricane_Camille_(1969)",1420000000,259,"Yes"
"236","Louisiana","Edith","2",1971-09-16,"1971",1971-09-05,NA,1971-09-18,"37 direct","$25.4 million ","https://en.wikipedia.org/wiki/Hurricane_Edith_(1971)",25400000,37,"Yes"
"237","Louisiana","Carmen","3",1974-09-08,"1974",1974-08-29,NA,1974-09-10,"8","$162 million ","https://en.wikipedia.org/wiki/Hurricane_Carmen_(1974)",162000000,8,"Yes"
"238","Louisiana","Babe","1",1977-09-05,"1977",1977-09-03,NA,1977-09-09,"None","$13 million ","https://en.wikipedia.org/wiki/Hurricane_Babe_(1977)",13000000,0,"Yes"
"239","Louisiana","Bob","1",1979-09-11,"1979",1979-07-09,NA,1979-07-16,"1","$20 million ","https://en.wikipedia.org/wiki/Hurricane_Bob_(1979)",20000000,1,"No"
"240","Louisiana","Danny","1",1985-08-15,"1985",1985-08-12,1985-08-18,1985-08-20,"5","$100 million ","https://en.wikipedia.org/wiki/Hurricane_Danny_(1985)",100000000,5,"Yes"
"241","Louisiana","Juan","1",1985-10-28,"1985",1985-10-26,NA,1985-11-03,"12","$1.5 billion ","https://en.wikipedia.org/wiki/Hurricane_Juan_(1985)",1500000000,12,"Yes"
"242","Louisiana","Florence","1",1988-09-10,"1988",1988-09-07,NA,1988-09-11,"1 direct","$2.9 million ","https://en.wikipedia.org/wiki/Hurricane_Florence_(1988)",2900000,1,"Yes"
"243","Louisiana","Andrew","3",1992-08-26,"1992",1992-08-16,1992-08-28,1992-08-29,"65","$27.3 billion ","https://en.wikipedia.org/wiki/Hurricane_Andrew_(1992)",27300000000,65,"Yes"
"244","Louisiana","Danny","1",1997-07-18,"1997",1997-07-16,1997-07-26,1997-07-27,"9","$100 million ","https://en.wikipedia.org/wiki/Hurricane_Danny_(1997)",100000000,9,"Yes"
"245","Louisiana","Lili","1",2002-10-03,"2002",2002-09-21,NA,2002-10-04,"15","$1.16 billion ","https://en.wikipedia.org/wiki/Hurricane_Lili_(2002)",1160000000,15,"Yes"
"246","Louisiana","Cindy","1",2005-07-06,"2005",2005-07-03,2005-07-07,2005-07-12,"3","$320 million ","https://en.wikipedia.org/wiki/Hurricane_Cindy_(2005)",320000000,3,"Yes"
"247","Louisiana","Katrina","3",2005-08-29,"2005",2005-08-23,2005-08-30,2005-08-31,"1392 total","$125 billion ","https://en.wikipedia.org/wiki/Hurricane_Katrina_(2005)",125000000000,1392,"Yes"
"248","Louisiana","Rita","3",2005-09-24,"2005",2005-09-18,NA,2005-09-26,"120","$18.5 billion ","https://en.wikipedia.org/wiki/Hurricane_Rita_(2005)",18500000000,120,"Yes"
"249","Louisiana","Humberto","1",2007-09-13,"2007",2007-09-12,NA,2007-09-14,"1 indirect","$50 million ","https://en.wikipedia.org/wiki/Hurricane_Humberto_(2007)",50000000,1,"Yes"
"250","Louisiana","Gustav","2",2008-09-01,"2008",2008-08-25,2008-09-04,2008-09-07,"153","$8.31 billion ","https://en.wikipedia.org/wiki/Hurricane_Gustav_(2008)",8310000000,153,"Yes"
"251","Louisiana","Isaac","1",2012-08-28,"2012",NA,NA,NA,NA,NA,"https://en.wikipedia.org/wiki/Hurricane_Isaac_(2012)",NA,NA,"No"
"252","Louisiana","Nate","1",2017-10-07,"2017",2017-10-04,2017-10-09,2017-10-11,"48","$787 million ","https://en.wikipedia.org/wiki/Hurricane_Nate_(2017)",787000000,48,"Yes"
"253","Louisiana","Barry","1",2019-07-13,"2019",2019-07-11,NA,2019-07-19,"3 total","$900 million ","https://en.wikipedia.org/wiki/Hurricane_Barry_(2019)",900000000,3,"Yes"
"254","Louisiana","Laura","4",2020-08-27,"2020",2020-08-20,NA,2020-08-29,"81","≥$23.3 billion ","https://en.wikipedia.org/wiki/Hurricane_Laura_(2020)",23300000000,81,"Yes"
"255","Louisiana","Delta","2",2020-10-09,"2020",2020-10-04,2020-10-10,2020-10-12,"6","$3.09 billion ","https://en.wikipedia.org/wiki/Hurricane_Delta_(2020)",3090000000,6,"Yes"
"256","Louisiana","Zeta","3",2020-10-28,"2020",2020-10-24,NA,2020-10-30,"9 total","$4.4 billion ","https://en.wikipedia.org/wiki/Hurricane_Zeta_(2020)",4400000000,9,"Yes"
"257","Louisiana","Ida","4",2021-08-29,"2021",2021-08-26,2021-09-01,2021-09-05,"107","$75.3 billion ","https://en.wikipedia.org/wiki/Hurricane_Ida_(2021)",75300000000,107,"Yes"
"258","Maine","Unnamed","2",1869-10-04,"1869",NA,NA,NA,NA,NA,NA,NA,NA,"No"
"259","Maine","Gloria","1",1985-09-27,"1985",1985-09-16,1985-09-28,1985-10-04,"14","$900 million ","https://en.wikipedia.org/wiki/Hurricane_Gloria",900000000,14,"Yes"
"260","Maryland","Unnamed","1",1878-10-23,"1878",NA,NA,NA,NA,NA,NA,NA,NA,"No"
"261","Maryland","Unnamed","1",1933-08-23,"1933",NA,NA,NA,NA,NA,NA,NA,NA,"No"
"262","Massachusetts","Unnamed","1",1858-09-16,"1858",NA,NA,NA,NA,NA,NA,NA,NA,"No"
"263","Massachusetts","Unnamed","3",1869-09-08,"1869",NA,NA,NA,NA,NA,NA,NA,NA,"No"
"264","Massachusetts","Unnamed","1",1869-10-04,"1869",NA,NA,NA,NA,NA,NA,NA,NA,"No"
"265","Massachusetts","Unnamed","1",1879-08-19,"1879",NA,NA,NA,NA,NA,NA,NA,NA,"No"
"266","Massachusetts","Unnamed","1",1896-09-10,"1896",NA,NA,NA,NA,NA,NA,NA,NA,"No"
"267","Massachusetts","Unnamed","1",1924-08-26,"1924",NA,NA,NA,NA,NA,NA,NA,NA,"No"
"268","Massachusetts","Unnamed","2",1938-09-21,"1938",NA,NA,NA,NA,NA,NA,NA,NA,"No"
"269","Massachusetts","Unnamed","1",1944-09-15,"1944",NA,NA,NA,NA,NA,NA,NA,NA,"No"
"270","Massachusetts","Carol","2",1954-08-31,"1954",1954-08-25,1954-08-31,1954-09-01,"72","$462 million ","https://en.wikipedia.org/wiki/Hurricane_Carol_(1954)",462000000,72,"Yes"
"271","Massachusetts","Edna","2",1954-09-11,"1954",1954-09-02,NA,1954-09-15,"29","&gt;$42.8 million ","https://en.wikipedia.org/wiki/Hurricane_Edna",42800000,29,"Yes"
"272","Massachusetts","Donna","1",1960-09-12,"1960",1960-08-29,1960-09-13,1960-09-14,"439","$980 million ","https://en.wikipedia.org/wiki/Hurricane_Donna_(1960)",980000000,439,"Yes"
"273","Massachusetts","Bob","2",1991-08-19,"1991",1991-08-16,1991-08-20,1991-08-29,"17","$1.5 billion ","https://en.wikipedia.org/wiki/Hurricane_Bob_(1991)",1500000000,17,"Yes"
"274","Mississippi","Unnamed","3",1852-08-26,"1852",NA,NA,NA,NA,NA,NA,NA,NA,"No"
"275","Mississippi","Unnamed","3",1855-08-16,"1855",NA,NA,NA,NA,NA,NA,NA,NA,"No"
"276","Mississippi","Unnamed","3",1860-08-12,"1860",NA,NA,NA,NA,NA,NA,NA,NA,"No"
"277","Mississippi","Unnamed","2",1860-09-15,"1860",NA,NA,NA,NA,NA,NA,NA,NA,"No"
"278","Mississippi","Unnamed","1",1888-08-20,"1888",NA,NA,NA,NA,NA,NA,NA,NA,"No"
"279","Mississippi","Unnamed","2",1893-10-02,"1893",NA,NA,NA,NA,NA,NA,NA,NA,"No"
"280","Mississippi","Unnamed","1",1901-08-15,"1901",NA,NA,NA,NA,NA,NA,NA,NA,"No"
"281","Mississippi","Unnamed","2",1906-09-27,"1906",NA,NA,NA,NA,NA,NA,NA,NA,"No"
"282","Mississippi","Unnamed","2",1909-09-21,"1909",NA,NA,NA,NA,NA,NA,NA,NA,"No"
"283","Mississippi","Unnamed","2",1915-09-29,"1915",NA,NA,NA,NA,NA,NA,NA,NA,"No"
"284","Mississippi","Unnamed","3",1916-07-06,"1916",NA,NA,NA,NA,NA,NA,NA,NA,"No"
"285","Mississippi","Unnamed","1",1923-10-16,"1923",NA,NA,NA,NA,NA,NA,NA,NA,"No"
"286","Mississippi","Unnamed","1",1926-09-21,"1926",NA,NA,NA,NA,NA,NA,NA,NA,"No"
"287","Mississippi","Unnamed","2",1947-09-19,"1947",NA,NA,NA,NA,NA,NA,NA,NA,"No"
"288","Mississippi","Ethel","1",1960-09-15,"1960",1960-09-12,NA,1960-09-17,"1 indirect","$1.5 million ","https://en.wikipedia.org/wiki/Hurricane_Ethel_(1960)",1500000,1,"Yes"
"289","Mississippi","Camille","5",1969-08-18,"1969",1969-08-14,NA,1969-08-22,"259 total","$1.42 billion ","https://en.wikipedia.org/wiki/Hurricane_Camille_(1969)",1420000000,259,"Yes"
"290","Mississippi","Frederic","3",1979-09-13,"1979",1979-08-29,NA,1979-09-15,"12","$1.77 billion ","https://en.wikipedia.org/wiki/Hurricane_Frederic",1770000000,12,"Yes"
"291","Mississippi","Elena","3",1985-09-02,"1985",1985-08-28,NA,1985-09-04,"9","$1.3 billion ","https://en.wikipedia.org/wiki/Hurricane_Elena",1300000000,9,"Yes"
"292","Mississippi","Georges","2",1998-09-29,"1998",1998-09-15,NA,1998-10-01,"604","$9.37 billion ","https://en.wikipedia.org/wiki/Hurricane_Georges_(1998)",9370000000,604,"Yes"
"293","Mississippi","Katrina","3",2005-08-29,"2005",2005-08-23,2005-08-30,2005-08-31,"1392 total","$125 billion ","https://en.wikipedia.org/wiki/Hurricane_Katrina_(2005)",125000000000,1392,"Yes"
"294","Mississippi","Nate","1",2017-10-08,"2017",2017-10-04,2017-10-09,2017-10-11,"48","$787 million ","https://en.wikipedia.org/wiki/Hurricane_Nate_(2017)",787000000,48,"Yes"
"295","Mississippi","Zeta","2",2020-10-29,"2020",2020-10-24,NA,2020-10-30,"9 total","$4.4 billion ","https://en.wikipedia.org/wiki/Hurricane_Zeta_(2020)",4400000000,9,"Yes"
"296","New Hampshire","Gloria","1",1985-09-27,"1985",1985-09-16,1985-09-28,1985-10-04,"14","$900 million ","https://en.wikipedia.org/wiki/Hurricane_Gloria",900000000,14,"Yes"
"297","New Jersey","Unnamed","1",1878-10-23,"1878",NA,NA,NA,NA,NA,NA,NA,NA,"No"
"298","New Jersey","Unnamed","1",1903-09-16,"1903",NA,NA,NA,NA,NA,NA,NA,NA,"No"
"299","New Jersey","Unnamed","1",1934-09-08,"1934",NA,NA,NA,NA,NA,NA,NA,NA,"No"
"300","New Jersey","Unnamed","1",1944-09-14,"1944",NA,NA,NA,NA,NA,NA,NA,NA,"No"
"301","New York","Unnamed","1",1858-09-16,"1858",NA,NA,NA,NA,NA,NA,NA,NA,"No"
"302","New York","Unnamed","1",1869-09-08,"1869",NA,NA,NA,NA,NA,NA,NA,NA,"No"
"303","New York","Unnamed","1",1893-08-24,"1893",NA,NA,NA,NA,NA,NA,NA,NA,"No"
"304","New York","Unnamed","1",1894-10-10,"1894",NA,NA,NA,NA,NA,NA,NA,NA,"No"
"305","New York","Unnamed","1",1934-09-08,"1934",NA,NA,NA,NA,NA,NA,NA,NA,"No"
"306","New York","Unnamed","3",1938-09-21,"1938",NA,NA,NA,NA,NA,NA,NA,NA,"No"
"307","New York","Unnamed","2",1944-09-15,"1944",NA,NA,NA,NA,NA,NA,NA,NA,"No"
"308","New York","Carol","3",1954-08-31,"1954",1954-08-25,1954-08-31,1954-09-01,"72","$462 million ","https://en.wikipedia.org/wiki/Hurricane_Carol_(1954)",462000000,72,"Yes"
"309","New York","Edna","1",1954-09-11,"1954",1954-09-02,NA,1954-09-15,"29","&gt;$42.8 million ","https://en.wikipedia.org/wiki/Hurricane_Edna",42800000,29,"Yes"
"310","New York","Donna","2",1960-09-12,"1960",1960-08-29,1960-09-13,1960-09-14,"439","$980 million ","https://en.wikipedia.org/wiki/Hurricane_Donna_(1960)",980000000,439,"Yes"
"311","New York","Agnes","1",1972-06-22,"1972",1972-06-14,1972-06-23,1972-07-06,"128 direct","$2.1 billion ","https://en.wikipedia.org/wiki/Hurricane_Agnes",2100000000,128,"Yes"
"312","New York","Belle","1",1976-08-10,"1976",1976-08-06,1976-08-10,1976-08-15,"12","$100 million ","https://en.wikipedia.org/wiki/Hurricane_Belle_(1976)",100000000,12,"Yes"
"313","New York","Gloria","1",1985-09-27,"1985",1985-09-16,1985-09-28,1985-10-04,"14","$900 million ","https://en.wikipedia.org/wiki/Hurricane_Gloria",900000000,14,"Yes"
"314","New York","Bob","2",1991-08-19,"1991",1991-08-16,1991-08-20,1991-08-29,"17","$1.5 billion ","https://en.wikipedia.org/wiki/Hurricane_Bob_(1991)",1500000000,17,"Yes"
"315","New York","Sandy","1",2012-10-29,"2012",2012-10-22,NA,2012-11-02,"233","$68.7 billion ","https://en.wikipedia.org/wiki/Hurricane_Sandy_(2012)",68700000000,233,"Yes"
"316","North Carolina","Unnamed","1",1857-09-13,"1857",NA,NA,NA,NA,NA,NA,NA,NA,"No"
"317","North Carolina","Unnamed","1",1861-09-27,"1861",NA,NA,NA,NA,NA,NA,NA,NA,"No"
"318","North Carolina","Unnamed","1",1861-11-02,"1861",NA,NA,NA,NA,NA,NA,NA,NA,"No"
"319","North Carolina","Unnamed","1",1874-09-24,"1874",NA,NA,NA,NA,NA,NA,NA,NA,"No"
"320","North Carolina","Unnamed","1",1876-09-17,"1876",NA,NA,NA,NA,NA,NA,NA,NA,"No"
"321","North Carolina","Unnamed","2",1878-10-23,"1878",NA,NA,NA,NA,NA,NA,NA,NA,"No"
"322","North Carolina","Unnamed","3",1879-08-18,"1879",NA,NA,NA,NA,NA,NA,NA,NA,"No"
"323","North Carolina","Unnamed","1",1880-09-09,"1880",NA,NA,NA,NA,NA,NA,NA,NA,"No"
"324","North Carolina","Unnamed","2",1881-09-09,"1881",NA,NA,NA,NA,NA,NA,NA,NA,"No"
"325","North Carolina","Unnamed","2",1883-09-11,"1883",NA,NA,NA,NA,NA,NA,NA,NA,"No"
"326","North Carolina","Unnamed","2",1885-09-25,"1885",NA,NA,NA,NA,NA,NA,NA,NA,"No"
"327","North Carolina","Unnamed","1",1887-08-20,"1887",NA,NA,NA,NA,NA,NA,NA,NA,"No"
"328","North Carolina","Unnamed","1",1893-08-28,"1893",NA,NA,NA,NA,NA,NA,NA,NA,"No"
"329","North Carolina","Unnamed","1",1893-10-13,"1893",NA,NA,NA,NA,NA,NA,NA,NA,"No"
"330","North Carolina","Unnamed","1",1896-09-29,"1896",NA,NA,NA,NA,NA,NA,NA,NA,"No"
"331","North Carolina","Unnamed","3",1899-08-18,"1899",NA,NA,NA,NA,NA,NA,NA,NA,"No"
"332","North Carolina","Unnamed","2",1899-10-31,"1899",NA,NA,NA,NA,NA,NA,NA,NA,"No"
"333","North Carolina","Unnamed","1",1901-07-11,"1901",NA,NA,NA,NA,NA,NA,NA,NA,"No"
"334","North Carolina","Unnamed","1",1906-09-17,"1906",NA,NA,NA,NA,NA,NA,NA,NA,"No"
"335","North Carolina","Unnamed","1",1908-07-31,"1908",NA,NA,NA,NA,NA,NA,NA,NA,"No"
"336","North Carolina","Unnamed","1",1913-09-03,"1913",NA,NA,NA,NA,NA,NA,NA,NA,"No"
"337","North Carolina","Unnamed","1",1918-08-24,"1918",NA,NA,NA,NA,NA,NA,NA,NA,"No"
"338","North Carolina","Unnamed","1",1924-08-26,"1924",NA,NA,NA,NA,NA,NA,NA,NA,"No"
"339","North Carolina","Unnamed","1",1933-08-23,"1933",NA,NA,NA,NA,NA,NA,NA,NA,"No"
"340","North Carolina","Unnamed","2",1933-09-16,"1933",NA,NA,NA,NA,NA,NA,NA,NA,"No"
"341","North Carolina","Unnamed","1",1934-09-09,"1934",NA,NA,NA,NA,NA,NA,NA,NA,"No"
"342","North Carolina","Unnamed","1",1936-09-18,"1936",NA,NA,NA,NA,NA,NA,NA,NA,"No"
"343","North Carolina","Unnamed","1",1944-08-01,"1944",NA,NA,NA,NA,NA,NA,NA,NA,"No"
"344","North Carolina","Unnamed","2",1944-09-14,"1944",NA,NA,NA,NA,NA,NA,NA,NA,"No"
"345","North Carolina","Unnamed","1",1949-08-24,"1949",NA,NA,NA,NA,NA,NA,NA,NA,"No"
"346","North Carolina","Barbara","1",1953-08-14,"1953",1953-08-11,1953-08-15,1953-08-16,"9","$1.3 million ","https://en.wikipedia.org/wiki/Hurricane_Barbara_(1953)",1300000,9,"Yes"
"347","North Carolina","Carol","1",1954-08-31,"1954",1954-08-25,1954-08-31,1954-09-01,"72","$462 million ","https://en.wikipedia.org/wiki/Hurricane_Carol_(1954)",462000000,72,"Yes"
"348","North Carolina","Edna","1",1954-09-11,"1954",1954-09-02,NA,1954-09-15,"29","&gt;$42.8 million ","https://en.wikipedia.org/wiki/Hurricane_Edna",42800000,29,"Yes"
"349","North Carolina","Hazel","4",1954-10-15,"1954",1954-10-05,1954-10-15,1954-10-18,"591–1191","$382 million ","https://en.wikipedia.org/wiki/Hurricane_Hazel",382000000,1782,"Yes"
"350","North Carolina","Connie","2",1955-08-12,"1955",1955-08-03,NA,1955-08-15,"77","$86 million ","https://en.wikipedia.org/wiki/Hurricane_Connie_(1955)",86000000,77,"Yes"
"351","North Carolina","Ione","2",1955-09-19,"1955",1955-09-10,NA,1955-09-21,"7 direct","$88 million ","https://en.wikipedia.org/wiki/Hurricane_Ione",88000000,7,"Yes"
"352","North Carolina","Helene","3",1958-09-27,"1958",1958-09-21,1958-09-29,1958-10-04,"1 indirect","$11.4 million ","https://en.wikipedia.org/wiki/Hurricane_Helene_(1958)",11400000,1,"Yes"
"353","North Carolina","Donna","2",1960-09-12,"1960",1960-08-29,1960-09-13,1960-09-14,"439","$980 million ","https://en.wikipedia.org/wiki/Hurricane_Donna_(1960)",980000000,439,"Yes"
"354","North Carolina","Ginger","1",1971-09-30,"1971",1971-09-10,1971-10-06,1971-10-07,"1 direct","$10 million ","https://en.wikipedia.org/wiki/Hurricane_Ginger_(1971)",10000000,1,"Yes"
"355","North Carolina","Diana","2",1984-09-13,"1984",1984-09-08,NA,1984-09-16,"3 indirect","$65.5 million ","https://en.wikipedia.org/wiki/Hurricane_Diana_(1984)",65500000,3,"Yes"
"356","North Carolina","Gloria","3",1985-09-27,"1985",1985-09-16,1985-09-28,1985-10-04,"14","$900 million ","https://en.wikipedia.org/wiki/Hurricane_Gloria",900000000,14,"Yes"
"357","North Carolina","Charley","1",1986-08-17,"1986",1986-08-15,1986-08-20,1986-08-30,"15","&gt;$15 million ","https://en.wikipedia.org/wiki/Hurricane_Charley_(1986)",15000000,15,"Yes"
"358","North Carolina","Hugo","1",1989-09-22,"1989",NA,NA,NA,NA,NA,"https://en.wikipedia.org/wiki/Hurricane_Hugo_(1989)",NA,NA,"No"
"359","North Carolina","Emily","3",1993-08-31,"1993",1993-08-22,NA,1993-09-06,"3","$35 million ","https://en.wikipedia.org/wiki/Hurricane_Emily_(1993)",35000000,3,"Yes"
"360","North Carolina","Bertha","2",1996-07-12,"1996",1996-07-05,1996-07-14,1996-07-18,"12","$335 million ","https://en.wikipedia.org/wiki/Hurricane_Bertha_(1996)",335000000,12,"Yes"
"361","North Carolina","Fran","3",1996-09-06,"1996",1996-08-23,1996-09-08,1996-09-10,"27","$5 billion ","https://en.wikipedia.org/wiki/Hurricane_Fran_(1996)",5000000000,27,"Yes"
"362","North Carolina","Bonnie","2",1998-08-27,"1998",1998-08-19,NA,1998-08-30,"5","$1 billion ","https://en.wikipedia.org/wiki/Hurricane_Bonnie_(1998)",1000000000,5,"Yes"
"363","North Carolina","Floyd","2",1999-09-16,"1999",1999-09-07,1999-09-17,1999-09-19,"85","$6.5 billion ","https://en.wikipedia.org/wiki/Hurricane_Floyd_(1999)",6500000000,85,"Yes"
"364","North Carolina","Irene","2",1999-10-18,"1999",1999-10-13,NA,1999-10-24,"3 direct 16 indirect","$800 million ","https://en.wikipedia.org/wiki/Hurricane_Irene_(1999)",800000000,19,"Yes"
"365","North Carolina","Isabel","2",2003-09-18,"2003",2003-09-06,2003-09-19,2003-09-20,"51","$3.6 billion ","https://en.wikipedia.org/wiki/Hurricane_Isabel_(2003)",3600000000,51,"Yes"
"366","North Carolina","Alex","1",2004-08-03,"2004",2004-07-31,NA,2004-08-06,"1 direct","$7.5 million ","https://en.wikipedia.org/wiki/Hurricane_Alex_(2004)",7500000,1,"Yes"
"367","North Carolina","Charley","1",2004-08-14,"2004",2004-08-09,2004-08-14,2004-08-15,"35","$16.9 billion ","https://en.wikipedia.org/wiki/Hurricane_Charley_(2004)",16900000000,35,"Yes"
"368","North Carolina","Ophelia","1",2005-09-14,"2005",2005-09-06,2005-09-18,2005-09-23,"3","$70 million ","https://en.wikipedia.org/wiki/Hurricane_Ophelia_(2005)",70000000,3,"Yes"
"369","North Carolina","Irene","1",2011-08-27,"2011",2011-08-21,2011-08-28,2011-08-30,"58 total","$14.2 billion ","https://en.wikipedia.org/wiki/Hurricane_Irene_(2011)",14200000000,58,"Yes"
"370","North Carolina","Arthur","2",2014-07-04,"2014",2014-07-01,2014-07-05,2014-07-09,"2 indirect","$39.5 million","https://en.wikipedia.org/wiki/Hurricane_Arthur_(2014)",39500000,2,"Yes"
"371","North Carolina","Matthew","1",2016-10-08,"2016",2016-09-28,2016-10-09,2016-10-10,"603 total","$16.5 billion ","https://en.wikipedia.org/wiki/Hurricane_Matthew_(2016)",16500000000,603,"Yes"
"372","North Carolina","Florence","1",2018-09-14,"2018",2018-08-31,2018-09-17,2018-09-18,"54","$24.2 billion ","https://en.wikipedia.org/wiki/Hurricane_Florence_(2018)",24200000000,54,"Yes"
"373","North Carolina","Dorian","2",2019-09-06,"2019",2019-08-24,2019-09-07,2019-09-10,"84 total","≥$5.1 billion ","https://en.wikipedia.org/wiki/Hurricane_Dorian_(2019)",5100000000,84,"Yes"
"374","North Carolina","Isaias","1",2020-08-04,"2020",NA,NA,NA,NA,NA,"https://en.wikipedia.org/wiki/Hurricane_Isaias_(2020)",NA,NA,"No"
"375","Rhode Island","Unnamed","1",1858-09-16,"1858",NA,NA,NA,NA,NA,NA,NA,NA,"No"
"376","Rhode Island","Unnamed","1",1869-09-08,"1869",NA,NA,NA,NA,NA,NA,NA,NA,"No"
"377","Rhode Island","Unnamed","1",1894-10-10,"1894",NA,NA,NA,NA,NA,NA,NA,NA,"No"
"378","Rhode Island","Unnamed","1",1896-09-10,"1896",NA,NA,NA,NA,NA,NA,NA,NA,"No"
"379","Rhode Island","Unnamed","3",1938-09-21,"1938",NA,NA,NA,NA,NA,NA,NA,NA,"No"
"380","Rhode Island","Unnamed","2",1944-09-15,"1944",NA,NA,NA,NA,NA,NA,NA,NA,"No"
"381","Rhode Island","Carol","3",1954-08-31,"1954",1954-08-25,1954-08-31,1954-09-01,"72","$462 million ","https://en.wikipedia.org/wiki/Hurricane_Carol_(1954)",462000000,72,"Yes"
"382","Rhode Island","Edna","1",1954-09-11,"1954",1954-09-02,NA,1954-09-15,"29","&gt;$42.8 million ","https://en.wikipedia.org/wiki/Hurricane_Edna",42800000,29,"Yes"
"383","Rhode Island","Donna","1",1960-09-12,"1960",1960-08-29,1960-09-13,1960-09-14,"439","$980 million ","https://en.wikipedia.org/wiki/Hurricane_Donna_(1960)",980000000,439,"Yes"
"384","Rhode Island","Bob","2",1991-08-19,"1991",1991-08-16,1991-08-20,1991-08-29,"17","$1.5 billion ","https://en.wikipedia.org/wiki/Hurricane_Bob_(1991)",1500000000,17,"Yes"
"385","South Carolina","Unnamed","2",1854-09-08,"1854",NA,NA,NA,NA,NA,NA,NA,NA,"No"
"386","South Carolina","Unnamed","1",1867-06-22,"1867",NA,NA,NA,NA,NA,NA,NA,NA,"No"
"387","South Carolina","Unnamed","1",1874-09-28,"1874",NA,NA,NA,NA,NA,NA,NA,NA,"No"
"388","South Carolina","Unnamed","1",1878-09-12,"1878",NA,NA,NA,NA,NA,NA,NA,NA,"No"
"389","South Carolina","Unnamed","1",1881-08-28,"1881",NA,NA,NA,NA,NA,NA,NA,NA,"No"
"390","South Carolina","Unnamed","1",1883-09-11,"1883",NA,NA,NA,NA,NA,NA,NA,NA,"No"
"391","South Carolina","Unnamed","3",1885-08-25,"1885",NA,NA,NA,NA,NA,NA,NA,NA,"No"
"392","South Carolina","Unnamed","3",1893-08-28,"1893",NA,NA,NA,NA,NA,NA,NA,NA,"No"
"393","South Carolina","Unnamed","3",1893-10-13,"1893",NA,NA,NA,NA,NA,NA,NA,NA,"No"
"394","South Carolina","Unnamed","1",1894-09-27,"1894",NA,NA,NA,NA,NA,NA,NA,NA,"No"
"395","South Carolina","Unnamed","1",1896-09-29,"1896",NA,NA,NA,NA,NA,NA,NA,NA,"No"
"396","South Carolina","Unnamed","1",1898-08-31,"1898",NA,NA,NA,NA,NA,NA,NA,NA,"No"
"397","South Carolina","Unnamed","2",1899-10-31,"1899",NA,NA,NA,NA,NA,NA,NA,NA,"No"
"398","South Carolina","Unnamed","1",1904-09-14,"1904",NA,NA,NA,NA,NA,NA,NA,NA,"No"
"399","South Carolina","Unnamed","1",1906-09-17,"1906",NA,NA,NA,NA,NA,NA,NA,NA,"No"
"400","South Carolina","Unnamed","2",1911-08-28,"1911",NA,NA,NA,NA,NA,NA,NA,NA,"No"
"401","South Carolina","Unnamed","1",1913-10-08,"1913",NA,NA,NA,NA,NA,NA,NA,NA,"No"
"402","South Carolina","Unnamed","2",1916-07-14,"1916",NA,NA,NA,NA,NA,NA,NA,NA,"No"
"403","South Carolina","Unnamed","1",1928-09-18,"1928",NA,NA,NA,NA,NA,NA,NA,NA,"No"
"404","South Carolina","Unnamed","2",1940-08-11,"1940",NA,NA,NA,NA,NA,NA,NA,NA,"No"
"405","South Carolina","Unnamed","2",1947-10-15,"1947",NA,NA,NA,NA,NA,NA,NA,NA,"No"
"406","South Carolina","Able","2",1952-08-31,"1952",1952-08-18,NA,1952-09-02,"3 indirect","$2.75 million ","https://en.wikipedia.org/wiki/Hurricane_Able_(1952)",2750000,3,"Yes"
"407","South Carolina","Hazel","4",1954-10-15,"1954",1954-10-05,1954-10-15,1954-10-18,"591–1191","$382 million ","https://en.wikipedia.org/wiki/Hurricane_Hazel",382000000,1782,"Yes"
"408","South Carolina","Cindy","1",1959-07-09,"1959",1959-07-05,NA,1959-07-11,"6","$75,000 ","https://en.wikipedia.org/wiki/Hurricane_Cindy_(1959)",75000,6,"Yes"
"409","South Carolina","Gracie","4",1959-09-29,"1959",1959-09-20,1959-09-30,1959-10-02,"22 direct","$14 million ","https://en.wikipedia.org/wiki/Hurricane_Gracie_(1959)",14000000,22,"Yes"
"410","South Carolina","David","2",1979-09-04,"1979",1979-08-25,1979-09-06,1979-09-08,"2078","$1.54 billion ","https://en.wikipedia.org/wiki/Hurricane_David_(1979)",1540000000,2078,"Yes"
"411","South Carolina","Bob","1",1985-07-25,"1985",1985-07-21,NA,1985-07-26,"5 indirect","$20 million ","https://en.wikipedia.org/wiki/Hurricane_Bob_(1985)",20000000,5,"Yes"
"412","South Carolina","Hugo","4",1989-09-22,"1989",NA,NA,NA,NA,NA,"https://en.wikipedia.org/wiki/Hurricane_Hugo_(1989)",NA,NA,"No"
"413","South Carolina","Charley","1",2004-08-14,"2004",2004-08-09,2004-08-14,2004-08-15,"35","$16.9 billion ","https://en.wikipedia.org/wiki/Hurricane_Charley_(2004)",16900000000,35,"Yes"
"414","South Carolina","Gaston","1",2004-08-29,"2004",2004-08-27,2004-09-01,2004-09-03,"9","$130 million ","https://en.wikipedia.org/wiki/Hurricane_Gaston_(2004)",130000000,9,"Yes"
"415","South Carolina","Matthew","1",2016-10-08,"2016",2016-09-28,2016-10-09,2016-10-10,"603 total","$16.5 billion ","https://en.wikipedia.org/wiki/Hurricane_Matthew_(2016)",16500000000,603,"Yes"
"416","South Carolina","Isaias","1",2020-08-04,"2020",NA,NA,NA,NA,NA,"https://en.wikipedia.org/wiki/Hurricane_Isaias_(2020)",NA,NA,"No"
"417","South Carolina","Ian","1",2022-09-30,"2022",2022-09-23,2022-09-30,2022-10-01,"161","$113 billion ","https://en.wikipedia.org/wiki/Hurricane_Ian_(2022)",113000000000,161,"Yes"
"418","Texas","Unnamed","1",1851-06-25,"1851",NA,NA,NA,NA,NA,NA,NA,NA,"No"
"419","Texas","Unnamed","1",1854-06-26,"1854",NA,NA,NA,NA,NA,NA,NA,NA,"No"
"420","Texas","Unnamed","2",1854-09-18,"1854",NA,NA,NA,NA,NA,NA,NA,NA,"No"
"421","Texas","Unnamed","1",1865-09-13,"1865",NA,NA,NA,NA,NA,NA,NA,NA,"No"
"422","Texas","Unnamed","2",1866-07-15,"1866",NA,NA,NA,NA,NA,NA,NA,NA,"No"
"423","Texas","Unnamed","1",1867-10-02,"1867",NA,NA,NA,NA,NA,NA,NA,NA,"No"
"424","Texas","Unnamed","2",1869-08-17,"1869",NA,NA,NA,NA,NA,NA,NA,NA,"No"
"425","Texas","Unnamed","3",1875-09-16,"1875",NA,NA,NA,NA,NA,NA,NA,NA,"No"
"426","Texas","Unnamed","2",1879-08-23,"1879",NA,NA,NA,NA,NA,NA,NA,NA,"No"
"427","Texas","Unnamed","3",1880-08-13,"1880",NA,NA,NA,NA,NA,NA,NA,NA,"No"
"428","Texas","Unnamed","2",1886-06-14,"1886",NA,NA,NA,NA,NA,NA,NA,NA,"No"
"429","Texas","Unnamed","4",1886-08-20,"1886",NA,NA,NA,NA,NA,NA,NA,NA,"No"
"430","Texas","Unnamed","1",1886-09-23,"1886",NA,NA,NA,NA,NA,NA,NA,NA,"No"
"431","Texas","Unnamed","2",1886-10-12,"1886",NA,NA,NA,NA,NA,NA,NA,NA,"No"
"432","Texas","Unnamed","2",1887-09-21,"1887",NA,NA,NA,NA,NA,NA,NA,NA,"No"
"433","Texas","Unnamed","1",1888-06-17,"1888",NA,NA,NA,NA,NA,NA,NA,NA,"No"
"434","Texas","Unnamed","1",1891-07-05,"1891",NA,NA,NA,NA,NA,NA,NA,NA,"No"
"435","Texas","Unnamed","1",1895-08-30,"1895",NA,NA,NA,NA,NA,NA,NA,NA,"No"
"436","Texas","Unnamed","1",1897-09-13,"1897",NA,NA,NA,NA,NA,NA,NA,NA,"No"
"437","Texas","Unnamed","4",1900-09-09,"1900",NA,NA,NA,NA,NA,NA,NA,NA,"No"
"438","Texas","Unnamed","2",1909-06-29,"1909",NA,NA,NA,NA,NA,NA,NA,NA,"No"
"439","Texas","Unnamed","3",1909-07-21,"1909",NA,NA,NA,NA,NA,NA,NA,NA,"No"
"440","Texas","Unnamed","1",1909-08-27,"1909",NA,NA,NA,NA,NA,NA,NA,NA,"No"
"441","Texas","Unnamed","2",1910-09-14,"1910",NA,NA,NA,NA,NA,NA,NA,NA,"No"
"442","Texas","Unnamed","2",1912-10-16,"1912",NA,NA,NA,NA,NA,NA,NA,NA,"No"
"443","Texas","Unnamed","1",1913-06-27,"1913",NA,NA,NA,NA,NA,NA,NA,NA,"No"
"444","Texas","Unnamed","4",1915-08-17,"1915",NA,NA,NA,NA,NA,NA,NA,NA,"No"
"445","Texas","Unnamed","4",1916-08-18,"1916",NA,NA,NA,NA,NA,NA,NA,NA,"No"
"446","Texas","Unnamed","1",1918-08-07,"1918",NA,NA,NA,NA,NA,NA,NA,NA,"No"
"447","Texas","Unnamed","3",1919-09-14,"1919",NA,NA,NA,NA,NA,NA,NA,NA,"No"
"448","Texas","Unnamed","1",1921-06-22,"1921",NA,NA,NA,NA,NA,NA,NA,NA,"No"
"449","Texas","Unnamed","1",1929-06-28,"1929",NA,NA,NA,NA,NA,NA,NA,NA,"No"
"450","Texas","Unnamed","4",1932-08-14,"1932",NA,NA,NA,NA,NA,NA,NA,NA,"No"
"451","Texas","Unnamed","2",1933-08-07,"1933",NA,NA,NA,NA,NA,NA,NA,NA,"No"
"452","Texas","Unnamed","3",1933-09-05,"1933",NA,NA,NA,NA,NA,NA,NA,NA,"No"
"453","Texas","Unnamed","2",1934-07-25,"1934",NA,NA,NA,NA,NA,NA,NA,NA,"No"
"454","Texas","Unnamed","1",1936-06-27,"1936",NA,NA,NA,NA,NA,NA,NA,NA,"No"
"455","Texas","Unnamed","2",1940-08-08,"1940",NA,NA,NA,NA,NA,NA,NA,NA,"No"
"456","Texas","Unnamed","3",1941-09-23,"1941",NA,NA,NA,NA,NA,NA,NA,NA,"No"
"457","Texas","Unnamed","1",1942-08-21,"1942",NA,NA,NA,NA,NA,NA,NA,NA,"No"
"458","Texas","Unnamed","3",1942-08-30,"1942",NA,NA,NA,NA,NA,NA,NA,NA,"No"
"459","Texas","Unnamed","2",1943-07-27,"1943",NA,NA,NA,NA,NA,NA,NA,NA,"No"
"460","Texas","Unnamed","2",1945-08-27,"1945",NA,NA,NA,NA,NA,NA,NA,NA,"No"
"461","Texas","Unnamed","1",1947-08-24,"1947",NA,NA,NA,NA,NA,NA,NA,NA,"No"
"462","Texas","Unnamed","2",1949-10-04,"1949",NA,NA,NA,NA,NA,NA,NA,NA,"No"
"463","Texas","Audrey","2",1957-06-27,"1957",1957-06-25,NA,1957-06-29,"&gt;431","$150 million ","https://en.wikipedia.org/wiki/Hurricane_Audrey_(1957)",150000000,431,"Yes"
"464","Texas","Debra","1",1959-07-25,"1959",1959-07-23,NA,1959-07-28,"None","$7 million ","https://en.wikipedia.org/wiki/Hurricane_Debra_(1959)",7000000,0,"Yes"
"465","Texas","Carla","4",1961-09-11,"1961",1961-09-03,1961-09-13,1961-09-17,"43 direct","$326 million ","https://en.wikipedia.org/wiki/Hurricane_Carla_(1961)",326000000,43,"Yes"
"466","Texas","Beulah","3",1967-09-20,"1967",1967-09-05,NA,1967-09-22,"59 direct","$235 million ","https://en.wikipedia.org/wiki/Hurricane_Beulah_(1967)",235000000,59,"Yes"
"467","Texas","Celia","4",1970-08-03,"1970",1970-07-31,NA,1970-08-05,"28","$930 million ","https://en.wikipedia.org/wiki/Hurricane_Celia_(1970)",930000000,28,"Yes"
"468","Texas","Fern","1",1971-09-10,"1971",1971-09-03,NA,1971-09-13,"2 indirect","$30.2 million ","https://en.wikipedia.org/wiki/Hurricane_Fern_(1971)",30200000,2,"Yes"
"469","Texas","Allen","3",1980-08-10,"1980",1980-07-31,NA,1980-08-11,"269","$1.57 billion ","https://en.wikipedia.org/wiki/Hurricane_Allen_(1980)",1570000000,269,"Yes"
"470","Texas","Alicia","3",1983-08-18,"1983",1983-08-15,1983-08-20,1983-08-21,"21","$3 billion ","https://en.wikipedia.org/wiki/Hurricane_Alicia_(1983)",3000000000,21,"Yes"
"471","Texas","Bonnie","1",1986-06-28,"1986",1986-06-23,NA,1986-06-28,"5","$42 million ","https://en.wikipedia.org/wiki/Hurricane_Bonnie_(1986)",42000000,5,"Yes"
"472","Texas","Chantal","1",1989-08-01,"1989",1989-07-30,NA,1989-08-03,"13 direct","$100 million ","https://en.wikipedia.org/wiki/Hurricane_Chantal_(1989)",100000000,13,"Yes"
"473","Texas","Jerry","1",1989-10-16,"1989",1989-10-12,NA,1989-10-16,"3 direct","$70 million ","https://en.wikipedia.org/wiki/Hurricane_Jerry_(1989)",70000000,3,"Yes"
"474","Texas","Bret","3",1999-08-23,"1999",1999-08-18,NA,1999-08-25,"7","$15 million ","https://en.wikipedia.org/wiki/Hurricane_Bret_(1999)",15000000,7,"Yes"
"475","Texas","Claudette","1",2003-07-15,"2003",2003-07-08,NA,2003-07-17,"3","$181 million ","https://en.wikipedia.org/wiki/Hurricane_Claudette_(2003)",181000000,3,"Yes"
"476","Texas","Rita","2",2005-09-24,"2005",2005-09-18,NA,2005-09-26,"120","$18.5 billion ","https://en.wikipedia.org/wiki/Hurricane_Rita_(2005)",18500000000,120,"Yes"
"477","Texas","Humberto","1",2007-09-13,"2007",2007-09-12,NA,2007-09-14,"1 indirect","$50 million ","https://en.wikipedia.org/wiki/Hurricane_Humberto_(2007)",50000000,1,"Yes"
"478","Texas","Dolly","1",2008-07-23,"2008",2008-07-20,NA,2008-07-27,"22","$1.6 billion ","https://en.wikipedia.org/wiki/Hurricane_Dolly_(2008)",1600000000,22,"Yes"
"479","Texas","Ike","2",2008-09-13,"2008",2008-09-01,2008-09-14,2008-09-15,"214","$38 billion ","https://en.wikipedia.org/wiki/Hurricane_Ike_(2008)",38000000000,214,"Yes"
"480","Texas","Harvey","4",2017-08-26,"2017",2017-08-17,2017-09-01,2017-09-02,"107","$125 billion ","https://en.wikipedia.org/wiki/Hurricane_Harvey_(2017)",125000000000,107,"Yes"
"481","Texas","Hanna","1",2020-07-25,"2020",2020-07-23,NA,2020-07-26,"9","$1.2 billion ","https://en.wikipedia.org/wiki/Hurricane_Hanna_(2020)",1200000000,9,"Yes"
"482","Texas","Laura","1",2020-08-27,"2020",2020-08-20,NA,2020-08-29,"81","≥$23.3 billion ","https://en.wikipedia.org/wiki/Hurricane_Laura_(2020)",23300000000,81,"Yes"
"483","Texas","Nicholas","1",2021-09-14,"2021",2021-09-12,NA,2021-09-20,"2 direct 2 indirect","$1.1 billion ","https://en.wikipedia.org/wiki/Hurricane_Nicholas_(2021)",1100000000,4,"Yes"
"484","Virginia","Unnamed","1",1876-09-17,"1876",NA,NA,NA,NA,NA,NA,NA,NA,"No"
"485","Virginia","Unnamed","1",1878-10-23,"1878",NA,NA,NA,NA,NA,NA,NA,NA,"No"
"486","Virginia","Unnamed","2",1879-08-18,"1879",NA,NA,NA,NA,NA,NA,NA,NA,"No"
"487","Virginia","Unnamed","1",1893-10-13,"1893",NA,NA,NA,NA,NA,NA,NA,NA,"No"
"488","Virginia","Unnamed","1",1894-09-29,"1894",NA,NA,NA,NA,NA,NA,NA,NA,"No"
"489","Virginia","Unnamed","1",1896-09-30,"1896",NA,NA,NA,NA,NA,NA,NA,NA,"No"
"490","Virginia","Unnamed","1",1933-09-16,"1933",NA,NA,NA,NA,NA,NA,NA,NA,"No"
"491","Virginia","Unnamed","1",1936-09-18,"1936",NA,NA,NA,NA,NA,NA,NA,NA,"No"
"492","Virginia","Unnamed","2",1944-09-14,"1944",NA,NA,NA,NA,NA,NA,NA,NA,"No"
"493","Virginia","Connie","1",1955-08-12,"1955",1955-08-03,NA,1955-08-15,"77","$86 million ","https://en.wikipedia.org/wiki/Hurricane_Connie_(1955)",86000000,77,"Yes"
"494","Virginia","Donna","1",1960-09-12,"1960",1960-08-29,1960-09-13,1960-09-14,"439","$980 million ","https://en.wikipedia.org/wiki/Hurricane_Donna_(1960)",980000000,439,"Yes"
"495","Virginia","Isabel","1",2003-09-19,"2003",2003-09-06,2003-09-19,2003-09-20,"51","$3.6 billion ","https://en.wikipedia.org/wiki/Hurricane_Isabel_(2003)",3600000000,51,"Yes"
"496","Hawaii","Dot","1",1959-08-07,"1959",1959-08-01,NA,1959-08-08,"2 indirect","$6 million ","https://en.wikipedia.org/wiki/Hurricane_Dot_(1959)",6000000,2,"Yes"
"497","Hawaii","Iwa","1",1982-11-24,"1982",1982-11-19,NA,1982-11-25,"1 direct 3 indirect","$312 million ","https://en.wikipedia.org/wiki/Hurricane_Iwa_(1982)",312000000,4,"Yes"
"498","Hawaii","Iniki","4",1992-09-11,"1992",1992-09-05,NA,1992-09-13,"7 total","$3.1 billion ","https://en.wikipedia.org/wiki/Hurricane_Iniki",3100000000,7,"Yes"
"499","American Samoa","""Honorine"" (22P)","1",1959-02-25,"1959",NA,NA,NA,NA,NA,NA,NA,NA,"No"
"500","American Samoa","Tusi","2",1987-01-18,"1987",NA,NA,NA,NA,NA,NA,NA,NA,"No"
"501","American Samoa","Ofa","1",1990-02-03,"1990",NA,NA,NA,NA,NA,NA,NA,NA,"No"
"502","American Samoa","Val","2",1991-12-10,"1991",1991-12-04,1991-12-13,1991-12-17,"17 confirmed","$381 million ","https://en.wikipedia.org/wiki/Hurricane_Val",381000000,17,"Yes"
"503","American Samoa","Heta","1",2004-01-04,"2004",2003-12-25,NA,2004-01-08,"1","$113 million ","https://en.wikipedia.org/wiki/Hurricane_Heta",113000000,1,"Yes"
"504","American Samoa","Olaf","3",2005-02-16,"2005",NA,NA,NA,NA,NA,"https://en.wikipedia.org/wiki/Hurricane_Olaf",NA,NA,"No"
"505","American Samoa","Rene","1",2010-02-13,"2010",NA,NA,NA,NA,NA,NA,NA,NA,"No"
"506","Guam","Unnamed","4",1900-11-13,"1900",NA,NA,NA,NA,NA,NA,NA,NA,"No"
"507","Guam","Unnamed","1",1913-11-10,"1913",NA,NA,NA,NA,NA,NA,NA,NA,"No"
"508","Guam","Unnamed","3",1918-07-06,"1918",NA,NA,NA,NA,NA,NA,NA,NA,"No"
"509","Guam","Unnamed","3",1940-11-03,"1940",NA,NA,NA,NA,NA,NA,NA,NA,"No"
"510","Guam","Unnamed","2",1941-08-03,"1941",NA,NA,NA,NA,NA,NA,NA,NA,"No"
"511","Guam","Allyn","2",1949-11-17,"1949",NA,NA,NA,NA,NA,NA,NA,NA,"No"
"512","Guam","Lola","2",1957-11-15,"1957",NA,NA,NA,NA,NA,NA,NA,NA,"No"
"513","Guam","Karen","5",1962-11-11,"1962",NA,NA,NA,NA,NA,"https://en.wikipedia.org/wiki/Hurricane_Karen",NA,NA,"No"
"514","Guam","Olive","1",1963-04-29,"1963",NA,NA,NA,NA,NA,NA,NA,NA,"No"
"515","Guam","Sally","1",1964-09-05,"1964",2020-09-11,2020-09-17,2020-09-18,"4 direct 5 indirect","$7.3 billion ","https://en.wikipedia.org/wiki/Hurricane_Sally",7300000000,9,"No"
"516","Guam","June","1",1975-11-19,"1975",NA,NA,NA,NA,NA,NA,NA,NA,"No"
"517","Guam","Pamela","4",1976-05-21,"1976",2021-10-10,NA,2021-10-13,"3 total","$97 million","https://en.wikipedia.org/wiki/Hurricane_Pamela",97000000,3,"No"
"518","Guam","Rita","1",1978-10-23,"1978",2005-09-18,NA,2005-09-26,"120","$18.5 billion ","https://en.wikipedia.org/wiki/Hurricane_Rita",18500000000,120,"No"
"519","Guam","Bill","1",1984-11-12,"1984",NA,NA,NA,NA,NA,"https://en.wikipedia.org/wiki/Hurricane_Bill",NA,NA,"No"
"520","Guam","Roy","3",1988-01-12,"1988",NA,NA,NA,NA,NA,NA,NA,NA,"No"
"521","Guam","Russ","1",1990-12-20,"1990",NA,NA,NA,NA,NA,NA,NA,NA,"No"
"522","Guam","Yuri","2",1991-11-27,"1991",NA,NA,NA,NA,NA,NA,NA,NA,"No"
"523","Guam","Omar","3",1992-08-28,"1992",2008-10-13,2008-10-18,2008-10-21,"1 indirect","$80 million ","https://en.wikipedia.org/wiki/Hurricane_Omar",80000000,1,"No"
"524","Guam","Brian","1",1992-10-21,"1992",NA,NA,NA,NA,NA,NA,NA,NA,"No"
"525","Guam","Gay","2",1992-11-23,"1992",NA,NA,NA,NA,NA,NA,NA,NA,"No"
"526","Guam","Paka","4",1997-12-16,"1997",1997-11-28,NA,1997-12-23,"None","$580 million ","https://en.wikipedia.org/wiki/Hurricane_Paka_(1997)",580000000,0,"Yes"
"527","Guam","Chataan","1",2002-07-04,"2002",NA,NA,NA,NA,NA,NA,NA,NA,"No"
"528","Guam","Pongsona","4",2002-12-08,"2002",NA,NA,NA,NA,NA,NA,NA,NA,"No"
"529","Guam","Dolphin","1",2015-05-15,"2015",NA,NA,NA,NA,NA,NA,NA,NA,"No"
"530","Guam","Mawar","4",2023-05-24,"2023",2023-05-19,2023-06-02,2023-06-03,"6 total","$4.3 billion ","https://en.wikipedia.org/wiki/Hurricane_Mawar",4300000000,6,"Yes"
"531","Northern Mariana Islands","Kim","4",1986-12-03,"1986",NA,NA,NA,NA,NA,NA,NA,NA,"No"
"532","Northern Mariana Islands","Lynn","1",1987-10-18,"1987",NA,NA,NA,NA,NA,NA,NA,NA,"No"
"533","Northern Mariana Islands","Roy","3",1988-01-12,"1988",NA,NA,NA,NA,NA,NA,NA,NA,"No"
"534","Northern Mariana Islands","Mireille","1",1991-09-19,"1991",NA,NA,NA,NA,NA,NA,NA,NA,"No"
"535","Northern Mariana Islands","Seth","2",1991-11-03,"1991",NA,NA,NA,NA,NA,NA,NA,NA,"No"
"536","Northern Mariana Islands","Joan","1",1997-10-18,"1997",1988-10-10,NA,1988-11-02,"216-334 total (all as Joan)","$2 billion ","https://en.wikipedia.org/wiki/Hurricane_Joan",2000000000,334,"No"
"537","Northern Mariana Islands","Keith","2",1997-11-02,"1997",2000-09-28,NA,2000-10-06,"62 direct 6 indirect (68 total)","$319 million ","https://en.wikipedia.org/wiki/Hurricane_Keith",319000000,68,"No"
"538","Northern Mariana Islands","Paka","1",1997-12-16,"1997",1997-11-28,NA,1997-12-23,"None","$580 million ","https://en.wikipedia.org/wiki/Hurricane_Paka_(1997)",580000000,0,"Yes"
"539","Northern Mariana Islands","Pongsona","1",2002-12-08,"2002",NA,NA,NA,NA,NA,NA,NA,NA,"No"
"540","Northern Mariana Islands","Chaba","3",2004-08-22,"2004",NA,NA,NA,NA,NA,NA,NA,NA,"No"
"541","Northern Mariana Islands","Vongfong","2",2014-10-05,"2014",NA,NA,NA,NA,NA,NA,NA,NA,"No"
"542","Northern Mariana Islands","Dolphin","1",2015-05-15,"2015",NA,NA,NA,NA,NA,NA,NA,NA,"No"
"543","Northern Mariana Islands","Soudelor","4",2015-08-02,"2015",NA,NA,NA,NA,NA,NA,NA,NA,"No"
"544","Northern Mariana Islands","Mangkhut","2",2018-09-10,"2018",NA,NA,NA,NA,NA,NA,NA,NA,"No"
"545","Northern Mariana Islands","Yutu","5",2018-10-24,"2018",NA,NA,NA,NA,NA,NA,NA,NA,"No"
"546","Puerto Rico","""San Ciriaco""","4",1899-08-08,"1899",NA,NA,NA,NA,NA,NA,NA,NA,"No"
"547","Puerto Rico","""San Hipólito""","2",1916-08-22,"1916",NA,NA,NA,NA,NA,NA,NA,NA,"No"
"548","Puerto Rico","""San Liborio""","2",1926-07-24,"1926",NA,NA,NA,NA,NA,NA,NA,NA,"No"
"549","Puerto Rico","""San Felipe II""","5",1928-09-13,"1928",NA,NA,NA,NA,NA,NA,NA,NA,"No"
"550","Puerto Rico","""San Nicolás""","1",1931-09-11,"1931",NA,NA,NA,NA,NA,NA,NA,NA,"No"
"551","Puerto Rico","""San Ciprián""","4",1932-09-27,"1932",NA,NA,NA,NA,NA,NA,NA,NA,"No"
"552","Puerto Rico","Betsy","2",1956-08-12,"1956",1956-08-09,NA,1956-08-18,"37","$50 million ","https://en.wikipedia.org/wiki/Hurricane_Betsy_(1956)",50000000,37,"Yes"
"553","Puerto Rico","David","1",1979-08-31,"1979",1979-08-25,1979-09-06,1979-09-08,"2078","$1.54 billion ","https://en.wikipedia.org/wiki/Hurricane_David_(1979)",1540000000,2078,"Yes"
"554","Puerto Rico","Hugo","3",1989-09-18,"1989",NA,NA,NA,NA,NA,"https://en.wikipedia.org/wiki/Hurricane_Hugo_(1989)",NA,NA,"No"
"555","Puerto Rico","Hortense","1",1996-09-10,"1996",1996-09-03,1996-09-15,1996-09-16,"39 direct","$158 million ","https://en.wikipedia.org/wiki/Hurricane_Hortense_(1996)",158000000,39,"Yes"
"556","Puerto Rico","Georges","3",1998-09-21,"1998",1998-09-15,NA,1998-10-01,"604","$9.37 billion ","https://en.wikipedia.org/wiki/Hurricane_Georges_(1998)",9370000000,604,"Yes"
"557","Puerto Rico","Irene","1",2011-08-22,"2011",2011-08-21,2011-08-28,2011-08-30,"58 total","$14.2 billion ","https://en.wikipedia.org/wiki/Hurricane_Irene_(2011)",14200000000,58,"Yes"
"558","Puerto Rico","Maria","4",2017-09-20,"2017",2017-09-16,2017-09-30,2017-10-02,"3059 total (direct and indirect)","$91.6 billion ","https://en.wikipedia.org/wiki/Hurricane_Maria_(2017)",91600000000,3059,"Yes"
"559","Puerto Rico","Fiona","1",2022-09-18,"2022",2022-09-14,2022-09-23,2022-09-27,"29","≥$3.09 billion ","https://en.wikipedia.org/wiki/Hurricane_Fiona_(2022)",3090000000,29,"Yes"
"560","United States Virgin Islands","Unnamed","2",1924-08-29,"1924",NA,NA,NA,NA,NA,NA,NA,NA,"No"
"561","United States Virgin Islands","""San Felipe II""","4",1928-09-13,"1928",NA,NA,NA,NA,NA,NA,NA,NA,"No"
"562","United States Virgin Islands","""San Nicolás""","1",1931-09-10,"1931",NA,NA,NA,NA,NA,NA,NA,NA,"No"
"563","United States Virgin Islands","""San Ciprian""","2",1932-09-26,"1932",NA,NA,NA,NA,NA,NA,NA,NA,"No"
"564","United States Virgin Islands","Unnamed","1",1933-07-26,"1933",NA,NA,NA,NA,NA,NA,NA,NA,"No"
"565","United States Virgin Islands","Hugo","4",1989-09-18,"1989",NA,NA,NA,NA,NA,"https://en.wikipedia.org/wiki/Hurricane_Hugo_(1989)",NA,NA,"No"
"566","United States Virgin Islands","Marilyn","2",1995-09-16,"1995",1995-09-12,1995-09-22,1995-09-30,"13 total","$2.5 billion ","https://en.wikipedia.org/wiki/Hurricane_Marilyn_(1995)",2500000000,13,"Yes"
"567","United States Virgin Islands","Bertha","1",1996-07-08,"1996",1996-07-05,1996-07-14,1996-07-18,"12","$335 million ","https://en.wikipedia.org/wiki/Hurricane_Bertha_(1996)",335000000,12,"Yes"
"568","United States Virgin Islands","Georges","1",1998-09-21,"1998",1998-09-15,NA,1998-10-01,"604","$9.37 billion ","https://en.wikipedia.org/wiki/Hurricane_Georges_(1998)",9370000000,604,"Yes"
"569","United States Virgin Islands","Lenny","1",1999-11-17,"1999",1999-11-13,NA,1999-11-23,"17 direct","$786 million ","https://en.wikipedia.org/wiki/Hurricane_Lenny_(1999)",786000000,17,"Yes"
"570","United States Virgin Islands","Omar","1",2008-10-16,"2008",2008-10-13,2008-10-18,2008-10-21,"1 indirect","$80 million ","https://en.wikipedia.org/wiki/Hurricane_Omar_(2008)",80000000,1,"Yes"
"571","United States Virgin Islands","Irma","3",2017-09-06,"2017",2017-08-30,NA,2017-09-13,"134 total","$77.2 billion ","https://en.wikipedia.org/wiki/Hurricane_Irma_(2017)",77200000000,134,"Yes"
"572","United States Virgin Islands","Maria","3",2017-09-20,"2017",2017-09-16,2017-09-30,2017-10-02,"3059 total (direct and indirect)","$91.6 billion ","https://en.wikipedia.org/wiki/Hurricane_Maria_(2017)",91600000000,3059,"Yes"
"573","United States Virgin Islands","Dorian","1",2019-08-28,"2019",2019-08-24,2019-09-07,2019-09-10,"84 total","≥$5.1 billion ","https://en.wikipedia.org/wiki/Hurricane_Dorian_(2019)",5100000000,84,"Yes"
